time_min,day,hour,solar_gen_kw,load_kw,battery_soc_kwh,grid_import_kw,grid_export_kw,cost_cents,cloud_cover
0,0,0.0,0.0,0.7193216338492002,0.0,0.7193216338492002,0.0,0.5394912253869002,0.94105065152123
60,0,1.0,0.0,0.757809792512881,0.0,0.757809792512881,0.0,0.5683573443846608,0.8691955673467835
120,0,2.0,0.0,0.7794903327931453,0.0,0.7794903327931453,0.0,0.584617749594859,0.8394223178383705
180,0,3.0,0.0,0.5911372524355762,0.0,0.5911372524355762,0.0,0.4433529393266822,0.8208482848650138
240,0,4.0,0.0,0.7718607020337889,0.0,0.7718607020337889,0.0,0.5788955265253417,0.6065391403504204
300,0,5.0,0.0,0.759056909859363,0.0,0.759056909859363,0.0,0.5692926823945222,0.8610285407733426
360,0,6.0,0.0,0.6782387904987826,0.0,0.6782387904987826,0.0,0.508679092874087,0.6660676890296561
420,0,7.0,1.1444039843402025,0.6127700612187388,0.5043522235424035,0.0,0.0,0.0,0.11567250865415027
480,0,8.0,0.29129470176762395,0.6248172459859499,0.5043522235424035,0.33352254421832594,0.0,0.2501419081637445,0.8834821192929504
540,0,9.0,0.34665963693576635,0.6021024605107964,0.5043522235424035,0.25544282357503006,0.0,0.19158211768127253,0.9019498479836212
600,0,10.0,4.0,0.7481837171551587,3.5892960194060097,0.0,0.0,0.0,0.03053587546706467
660,0,11.0,4.0,0.5281893736441016,6.882944774624143,0.0,0.0,0.0,0.019431240085016867
720,0,12.0,0.21557314997626142,0.6261188256322565,6.450191635088914,0.0,0.0,0.0,0.9568853700047477
780,0,13.0,1.8128752349136998,0.5934204475435436,7.607068024594722,0.0,0.0,0.0,0.6246346902477026
840,0,14.0,2.1716906622106107,0.76059537611311,8.945750554473232,0.0,0.0,0.0,0.498469524630443
900,0,15.0,0.49353080712833597,0.5476038586603197,8.888752553514324,0.0,0.0,0.0,0.8604084078220334
960,0,16.0,0.05567841141878947,0.5200085359083538,8.399305626975474,0.0,0.0,0.0,0.9777286354324842
1020,0,17.0,0.25855775164898487,0.7207824851523749,7.912077977397123,0.0,0.0,0.0,0.8002019120760087
1080,0,18.0,7.493987541413707e-17,2.3423694797318833,5.443003751525001,0.0,0.0,0.0,0.8776138957513087
1140,0,19.0,0.0,2.7212239142726964,2.5745818873848343,0.0,0.0,0.0,0.9061774179504893
1200,0,20.0,0.0,3.188059894944984,0.675,1.3859582851037198,0.0,1.0394687138277898,0.8158898887382101
1260,0,21.0,0.0,1.9367803957634742,0.675,1.9367803957634742,0.0,1.4525852968226056,0.8362104596627729
1320,0,22.0,0.0,0.6870445746362686,0.675,0.6870445746362686,0.0,0.5152834309772014,0.7215729526079032
1380,0,23.0,0.0,0.6132992811139619,0.675,0.6132992811139619,0.0,0.45997446083547144,0.5589722695917195
1440,1,0.0,0.0,0.5108807117132725,0.675,0.5108807117132725,0.0,0.3831605337849544,0.8171011528554151
1500,1,1.0,0.0,0.5070380135400138,0.675,0.5070380135400138,0.0,0.38027851015501035,0.8038531898964975
1560,1,2.0,0.0,0.7716444373644448,0.675,0.7716444373644448,0.0,0.5787333280233335,0.5379360550518621
1620,1,3.0,0.0,0.6998684106709071,0.675,0.6998684106709071,0.0,0.5249013080031804,0.003598958470903413
1680,1,4.0,0.0,0.6602049471097313,0.675,0.6602049471097313,0.0,0.4951537103322985,0.9041410106955299
1740,1,5.0,0.0,0.6353771386691235,0.675,0.6353771386691235,0.0,0.47653285400184264,0.6230884301346142
1800,1,6.0,0.0,0.7445673461595707,0.675,0.7445673461595707,0.0,0.558425509619678,0.9806575211743124
1860,1,7.0,0.8028385780387339,0.6389141524753112,0.8305123646745438,0.0,0.0,0.0,0.3796139865049561
1920,1,8.0,0.778111228401978,0.7946609900302315,0.8130673841818312,0.0,0.0,0.0,0.6887555086392088
1980,1,9.0,0.5431773551265022,0.5209331707931971,0.8341700703375947,0.0,0.0,0.0,0.8463662435212307
2040,1,10.0,0.07745896436501555,0.7133885340421142,0.675,0.48492758239829714,0.0,0.3636956867987229,0.9821116184290835
2100,1,11.0,0.16665553222914348,0.6571035809527408,0.675,0.4904480487235973,0.0,0.367836036542698,0.9654930994299206
2160,1,12.0,0.9668710920347068,0.6501804416222765,0.9754391306950267,0.0,0.0,0.0,0.8066257815930586
2220,1,13.0,1.1427448595460223,0.5112351877601625,1.5745418088756336,0.0,0.0,0.0,0.7633886933251874
2280,1,14.0,2.080363500436824,0.5798004249993247,2.9981009362145024,0.0,0.0,0.0,0.519560629204211
2340,1,15.0,1.397914420447217,0.6689963896345527,3.6896132976943465,0.0,0.0,0.0,0.6046100935133242
2400,1,16.0,1.861349591364877,0.506779382872513,4.974671430527854,0.0,0.0,0.0,0.25546016345404976
2460,1,17.0,0.9413295133886826,0.6029251776148636,5.295709971864354,0.0,0.0,0.0,0.2725964095758008
2520,1,18.0,2.72341045272684e-16,2.327896143696078,2.8418919817302783,0.0,0.0,0.0,0.5552333203952382
2580,1,19.0,0.0,0.9385811796108439,1.8525405495509928,0.0,0.0,0.0,0.5794670689473909
2640,1,20.0,0.0,0.9555275378762574,0.8453260873170647,0.0,0.0,0.0,0.41332330782105664
2700,1,21.0,0.0,0.7646531352363127,0.675,0.60306762097632,0.0,0.45230071573224007,0.7855698140203653
2760,1,22.0,0.0,0.5979418828972187,0.675,0.5979418828972187,0.0,0.44845641217291404,0.8369669130085415
2820,1,23.0,0.0,0.7938273094228143,0.675,0.7938273094228143,0.0,0.5953704820671107,0.5940167349662712
2880,2,0.0,0.0,0.747405411809343,0.675,0.747405411809343,0.0,0.5605540588570073,0.22712041115588322
2940,2,1.0,0.0,0.5675042055665441,0.675,0.5675042055665441,0.0,0.42562815417490807,0.812691160874924
3000,2,2.0,0.0,0.5409969609518902,0.675,0.5409969609518902,0.0,0.4057477207139176,0.8585706525639375
3060,2,3.0,0.0,0.7614424179795116,0.675,0.7614424179795116,0.0,0.5710818134846337,0.9364820037548902
3120,2,4.0,0.0,0.7037940506885826,0.675,0.7037940506885826,0.0,0.527845538016437,0.2877700694837494
3180,2,5.0,0.0,0.5231194341259127,0.675,0.5231194341259127,0.0,0.3923395755944345,0.0031232977496308714
3240,2,6.0,0.0,0.7221279044840009,0.675,0.7221279044840009,0.0,0.5415959283630006,0.932804369738605
3300,2,7.0,0.2437458074537344,0.5808769174724241,0.675,0.3371311100186897,0.0,0.2528483325140173,0.8116477036246044
3360,2,8.0,0.06452934885021215,0.5665235510348592,0.675,0.5019942021846471,0.0,0.3764956516384853,0.9741882604599151
3420,2,9.0,1.1642438940692519,0.7966071992147308,1.0237707921589774,0.0,0.0,0.0,0.6707020990194398
3480,2,10.0,3.3227824027425736,0.7782977405989933,3.4376808932802967,0.0,0.0,0.0,0.23263627412720933
3540,2,11.0,0.8728679271508905,0.7516580754557254,3.5526706551426797,0.0,0.0,0.0,0.8192681252753519
3600,2,12.0,0.9261349392602269,0.7845363731420725,3.6870028498468743,0.0,0.0,0.0,0.8147730121479546
3660,2,13.0,0.93827494702033,0.7185746108754462,3.8954288893236093,0.0,0.0,0.0,0.8057252593348639
3720,2,14.0,3.275070400714999,0.6999068518778395,6.338443537853911,0.0,0.0,0.0,0.243654889012888
3780,2,15.0,1.3605021077666373,0.7953562269791665,6.874587995919031,0.0,0.0,0.0,0.6151918935118479
3840,2,16.0,0.8626823170742566,0.5127977770610723,7.206517615275626,0.0,0.0,0.0,0.6549270731702976
3900,2,17.0,0.06690860893799462,0.7718034991461636,6.463493160584914,0.0,0.0,0.0,0.9482969973005724
3960,2,18.0,1.307375608648182e-16,0.8179223474896145,5.601327304845285,0.0,0.0,0.0,0.7864893601063706
4020,2,19.0,0.0,1.424235058439617,4.100051735467883,0.0,0.0,0.0,0.9429193047603872
4080,2,20.0,0.0,3.195479527422116,0.73172056110376,0.0,0.0,0.0,0.7581030923394556
4140,2,21.0,0.0,3.0987137729519554,0.675,3.0449039239767646,0.0,2.2836779429825733,0.7166877828073817
4200,2,22.0,0.0,0.6244030696179621,0.675,0.6244030696179621,0.0,0.4683023022134716,0.9583515022956439
4260,2,23.0,0.0,0.6062223156218661,0.675,0.6062223156218661,0.0,0.45466673671639957,0.8805617251992574
4320,3,0.0,0.0,0.6499213100519275,0.675,0.6499213100519275,0.0,0.48744098253894563,0.7752286283671639
4380,3,1.0,0.0,0.6107067009110414,0.675,0.6107067009110414,0.0,0.45803002568328105,0.8731107566103866
4440,3,2.0,0.0,0.5778663419226713,0.675,0.5778663419226713,0.0,0.43339975644200346,0.8385799764721243
4500,3,3.0,0.0,0.635702309225157,0.675,0.635702309225157,0.0,0.47677673191886777,0.4496294480118356
4560,3,4.0,0.0,0.6285907468044812,0.675,0.6285907468044812,0.0,0.4714430601033609,0.9917235740170314
4620,3,5.0,0.0,0.760127483453641,0.675,0.760127483453641,0.0,0.5700956125902308,0.862843240500895
4680,3,6.0,0.0,0.637554959124836,0.675,0.637554959124836,0.0,0.47816621934362696,0.669306883570202
4740,3,7.0,0.23965221383853638,0.5996404242424451,0.675,0.3599882104039087,0.0,0.26999115780293154,0.8148109898608058
4800,3,8.0,0.3512734489517593,0.7457254526423771,0.675,0.3944520036906178,0.0,0.2958390027679633,0.8594906204192962
4860,3,9.0,2.8190279412194057,0.6094063457195769,2.7712311026624157,0.0,0.0,0.0,0.20265849056376242
4920,3,10.0,1.3384268725755697,0.7432326439894071,3.3358819264181676,0.0,0.0,0.0,0.6909035539311463
4980,3,11.0,1.06461414589494,0.6554304434108741,3.7240676707992715,0.0,0.0,0.0,0.7795660666854687
5040,3,12.0,1.7568308319086916,0.6923617995859398,4.733911663055858,0.0,0.0,0.0,0.6486338336182617
5100,3,13.0,1.1271377596077594,0.5003951434917142,5.328491915141635,0.0,0.0,0.0,0.7666202250874601
5160,3,14.0,2.0961505533359333,0.5783915666753802,6.768364516252574,0.0,0.0,0.0,0.5159147655078065
5220,3,15.0,0.3903603250357139,0.6455556336405669,6.499365041792274,0.0,0.0,0.0,0.8895894268244248
5280,3,16.0,0.3838018632516013,0.7304700690277386,6.133944667586762,0.0,0.0,0.0,0.8464792546993596
5340,3,17.0,0.22535934690245826,0.5188120414697774,5.824618367471279,0.0,0.0,0.0,0.8258556693050227
5400,3,18.0,7.717886079244337e-17,2.551332438655382,3.1352778426636703,0.0,0.0,0.0,0.8739573551391662
5460,3,19.0,0.0,2.578968455056465,0.6750000000000003,0.24494395715769146,0.0,0.1837079678682686,0.9899424159432934
5520,3,20.0,0.0,2.535984697639444,0.675,2.535984697639444,0.0,1.901988523229583,0.6462734565176393
5580,3,21.0,0.0,2.3866491207389666,0.675,2.3866491207389666,0.0,1.789986840554225,0.8099410649337089
5640,3,22.0,0.0,0.6992594074195558,0.675,0.6992594074195558,0.0,0.5244445555646668,0.8111336787286784
5700,3,23.0,0.0,0.6632401906225218,0.675,0.6632401906225218,0.0,0.49743014296689136,0.8169775284590909
5760,4,0.0,0.0,0.6813945360514931,0.675,0.6813945360514931,0.0,0.5110459020386199,0.8428538178198943
5820,4,1.0,0.0,0.5653960418566458,0.675,0.5653960418566458,0.0,0.42404703139248434,0.43317049501735444
5880,4,2.0,0.0,0.651268576092667,0.675,0.651268576092667,0.0,0.48845143206950026,0.6076547775481296
5940,4,3.0,0.0,0.707803519302085,0.675,0.707803519302085,0.0,0.5308526394765637,0.6586079799967423
6000,4,4.0,0.0,0.6225733422650195,0.675,0.6225733422650195,0.0,0.4669300066987646,0.8971470427904178
6060,4,5.0,0.0,0.7690518535925721,0.675,0.7690518535925721,0.0,0.5767888901944291,0.7320043418063275
6120,4,6.0,0.0,0.7551520401431335,0.675,0.7551520401431335,0.0,0.5663640301073501,0.8267465156396047
6180,4,7.0,0.15707768348774484,0.6149359959596493,0.675,0.45785831247190445,0.0,0.34339373435392834,0.8786196870284219
6240,4,8.0,2.0647114764204506,0.6748743103248953,1.993515306484711,0.0,0.0,0.0,0.1741154094318197
6300,4,9.0,1.8894588970155914,0.6530712828146841,3.166455585993634,0.0,0.0,0.0,0.4655803204588083
6360,4,10.0,1.4627153839723137,0.6835827417593233,3.9056057106270647,0.0,0.0,0.0,0.6622003517263111
6420,4,11.0,0.09324843274804911,0.7872231079610308,3.174092173244192,0.0,0.0,0.0,0.9806924237430746
6480,4,12.0,0.1446803525362883,0.5776667068370377,2.7176844814565215,0.0,0.0,0.0,0.9710639294927423
6540,4,13.0,0.09856253369355568,0.688399065784375,2.0959421852625257,0.0,0.0,0.0,0.9795921113172391
6600,4,14.0,1.001500036778147,0.6431642970951512,2.4358893165943605,0.0,0.0,0.0,0.7687134736690867
6660,4,15.0,2.9618651886098033,0.5684144156452168,4.706516089611956,0.0,0.0,0.0,0.16225801606945423
6720,4,16.0,0.1663590821172951,0.620609487758363,4.227694119651565,0.0,0.0,0.0,0.933456367153082
6780,4,17.0,0.49077655663382447,0.7135567468267487,3.9928631801265158,0.0,0.0,0.0,0.6207569992081359
6840,4,18.0,7.930299471317136e-17,1.7349190169147362,2.16409796366293,0.0,0.0,0.0,0.8704883811914012
6900,4,19.0,0.0,0.7361023545974696,1.3881779531492895,0.0,0.0,0.0,0.4779626201324139
6960,4,20.0,0.0,1.5773759930282867,0.675,0.900795980337704,0.0,0.675596985253278,0.7807545946612691
7020,4,21.0,0.0,1.6792609658516682,0.675,1.6792609658516682,0.0,1.2594457243887511,0.8356703946814514
7080,4,22.0,0.0,0.5073148792529328,0.675,0.5073148792529328,0.0,0.38048615943969966,0.7269896758008736
7140,4,23.0,0.0,0.6731673456391672,0.675,0.6731673456391672,0.0,0.5048755092293754,0.32655055248858045
7200,5,0.0,0.0,0.5413532989194155,0.675,0.5413532989194155,0.0,0.4060149741895617,0.8959383729803673
7260,5,1.0,0.0,0.6921410310612877,0.675,0.6921410310612877,0.0,0.5191057732959657,0.931671966655276
7320,5,2.0,0.0,0.6652195681117699,0.675,0.6652195681117699,0.0,0.4989146760838274,0.9506851243247876
7380,5,3.0,0.0,0.7668573118559007,0.675,0.7668573118559007,0.0,0.5751429838919255,0.7964280369761484
7440,5,4.0,0.0,0.5130902560912499,0.675,0.5130902560912499,0.0,0.3848176920684374,0.5919433630274786
7500,5,5.0,0.0,0.6266260551636053,0.675,0.6266260551636053,0.0,0.46996954137270397,0.7521886894492777
7560,5,6.0,0.0,0.6771193695383936,0.675,0.6771193695383936,0.0,0.5078395271537952,0.8507345798338326
7620,5,7.0,0.45680371637653006,0.5168771925109586,0.675,0.060073476134428594,0.0,0.045055107100821445,0.6470091942456664
7680,5,8.0,0.9034235852749233,0.6772587821934029,0.8895587712903219,0.0,0.0,0.0,0.6386305658900306
7740,5,9.0,0.13624972458387344,0.6227505186117692,0.675,0.2829524712545274,0.0,0.21221435344089554,0.9614627583247775
7800,5,10.0,0.29625663650495154,0.5706408868234683,0.675,0.2743842503185167,0.0,0.20578818773888752,0.9315824604658612
7860,5,11.0,3.7351287490185827,0.5508681121746343,3.6958548828135465,0.0,0.0,0.0,0.22662203507522985
7920,5,12.0,1.7908398798004377,0.5381372846136259,4.8842729122918085,0.0,0.0,0.0,0.6418320240399125
7980,5,13.0,1.496791488010524,0.5393332857491505,5.792597517358644,0.0,0.0,0.0,0.690081485084428
8040,5,14.0,0.06344512326337336,0.5369316319271085,5.293498914445826,0.0,0.0,0.0,0.985347976402049
8100,5,15.0,0.08901557546420909,0.5625138141690967,4.79438794698398,0.0,0.0,0.0,0.974822593183214
8160,5,16.0,0.6539716958076188,0.698593346436156,4.7473525973364925,0.0,0.0,0.0,0.7384113216769527
8220,5,17.0,0.7584442361051819,0.6229059602912078,4.875935495847774,0.0,0.0,0.0,0.4139192996367373
8280,5,18.0,5.1298221774430825e-17,2.929794491985682,1.7876609388842106,0.0,0.0,0.0,0.9162236461808472
8340,5,19.0,0.0,3.010211205624456,0.675,1.954648356511802,0.0,1.4659862673838515,0.9692693259121863
8400,5,20.0,0.0,2.3788565846860354,0.675,2.3788565846860354,0.0,1.7841424385145266,0.8717135546784089
8460,5,21.0,0.0,1.3296350119077127,0.675,1.3296350119077127,0.0,0.9972262589307845,0.8579238518558892
8520,5,22.0,0.0,0.6544578797441174,0.675,0.6544578797441174,0.0,0.49084340980808805,0.9820314718394297
8580,5,23.0,0.0,0.7366832367741778,0.675,0.7366832367741778,0.0,0.5525124275806333,0.839170966059324
8640,6,0.0,0.0,0.6702143640250806,0.675,0.6702143640250806,0.0,0.5026607730188104,0.880394863331468
8700,6,1.0,0.0,0.5593208820926403,0.675,0.5593208820926403,0.0,0.4194906615694802,0.8527679704122395
8760,6,2.0,0.0,0.6764852566757684,0.675,0.6764852566757684,0.0,0.5073639425068264,0.43257936896464033
8820,6,3.0,0.0,0.5513874347218287,0.675,0.5513874347218287,0.0,0.4135405760413715,0.8272791897557472
8880,6,4.0,0.0,0.6468339247214482,0.675,0.6468339247214482,0.0,0.4851254435410861,0.9594865824213774
8940,6,5.0,0.0,0.5110481189908861,0.675,0.5110481189908861,0.0,0.38328608924316454,0.019235956005200474
9000,6,6.0,0.0,0.6953275388513984,0.675,0.6953275388513984,0.0,0.5214956541385488,0.32205513275110637
9060,6,7.0,0.3551721341485471,0.7331840900393793,0.675,0.37801195589083225,0.0,0.2835089669181242,0.7255440502781703
9120,6,8.0,0.6634216110483072,0.773143226047297,0.675,0.1097216149989898,0.0,0.08229121124924235,0.734631355580677
9180,6,9.0,0.076959939511824,0.5546411963649629,0.675,0.4776812568531389,0.0,0.3582609426398542,0.9782324419565931
9240,6,10.0,1.6142742770591496,0.6184526707312477,1.6197193257611144,0.0,0.0,0.0,0.6271993246376045
9300,6,11.0,4.0,0.7083136554616194,4.7424871832456255,0.0,0.0,0.0,0.11143859334904688
9360,6,12.0,3.327441698793425,0.5554807096346442,7.372200276508142,0.0,0.0,0.0,0.33451166024131496
9420,6,13.0,0.964444058822613,0.6824135958491313,7.639757866272538,0.0,0.0,0.0,0.8003068077125856
9480,6,14.0,1.5818976891016197,0.7662953814897783,8.41350615335535,0.0,0.0,0.0,0.6346763773466932
9540,6,15.0,0.8418871918305783,0.7447880470380639,8.505622490274996,0.0,0.0,0.0,0.7618783430649994
9600,6,16.0,0.49523817694005606,0.686612377519106,8.303896370533758,0.0,0.0,0.0,0.8019047292239777
9660,6,17.0,0.9975172694480382,0.5860436420505946,8.694254528433973,0.0,0.0,0.0,0.22917784581663164
9720,6,18.0,1.0623891260397199e-16,2.6482654128962073,5.902737677301218,0.0,0.0,0.0,0.8264986889641329
9780,6,19.0,0.0,1.1405017973613876,4.700543225575284,0.0,0.0,0.0,0.907133070604159
9840,6,20.0,0.0,3.3779662419062655,1.1398541643809113,0.0,0.0,0.0,0.57290682938176
9900,6,21.0,0.0,1.0013671604862944,0.675,0.5603677787088959,0.0,0.4202758340316719,0.9414470831272143
9960,6,22.0,0.0,0.6047542102360045,0.675,0.6047542102360045,0.0,0.4535656576770034,0.9616199589615216
10020,6,23.0,0.0,0.5151419900098574,0.675,0.5151419900098574,0.0,0.386356492507393,0.7571565601954195
10080,7,0.0,0.0,0.5366086491493579,0.675,0.5366086491493579,0.0,0.4024564868620184,0.9314343529226946
10140,7,1.0,0.0,0.5327218837704853,0.675,0.5327218837704853,0.0,0.39954141282786404,0.990944872177266
10200,7,2.0,0.0,0.7133077136450455,0.675,0.7133077136450455,0.0,0.5349807852337841,0.6853876017260738
10260,7,3.0,0.0,0.5627132436464016,0.675,0.5627132436464016,0.0,0.4220349327348012,0.6802229037638995
10320,7,4.0,0.0,0.5824502490923256,0.675,0.5824502490923256,0.0,0.4368376868192442,0.7277602089243794
10380,7,5.0,0.0,0.6586432106473019,0.675,0.6586432106473019,0.0,0.49398240798547643,0.9294740899248253
10440,7,6.0,0.0,0.6286246089076419,0.675,0.6286246089076419,0.0,0.47146845668073145,0.7987626126192789
10500,7,7.0,0.0,0.7804004324390607,0.675,0.7804004324390607,0.0,0.5853003243292955,0.7469208484146247
10560,7,8.0,0.0,0.7136949079350305,0.675,0.7136949079350305,0.0,0.5352711809512729,0.9765882662615586
10620,7,9.0,0.0,0.7764687507020205,0.675,0.7764687507020205,0.0,0.5823515630265154,0.9026626702846019
10680,7,10.0,0.0,0.6153303085593236,0.675,0.6153303085593236,0.0,0.4614977314194927,0.7418455117543297
10740,7,11.0,0.0,0.5079222490841729,0.675,0.5079222490841729,0.0,0.3809416868131297,0.8979858918768698
10800,7,12.0,0.0,0.6630165681021835,0.675,0.6630165681021835,0.0,0.4972624260766376,0.6494976258282396
10860,7,13.0,0.0,0.7672994723295994,0.675,0.7672994723295994,0.0,0.5754746042471995,0.9974253792718728
10920,7,14.0,0.0,0.5285993981844088,0.675,0.5285993981844088,0.0,0.3964495486383066,0.9166908866413551
10980,7,15.0,0.0,0.6424573885719358,0.675,0.6424573885719358,0.0,0.48184304142895185,0.6995872975495608
11040,7,16.0,0.0,0.7545596449008737,0.675,0.7545596449008737,0.0,0.5659197336756553,0.6411830493839932
11100,7,17.0,0.0,0.6615911209873839,0.675,0.6615911209873839,0.0,0.49619334074053795,0.6240748208096557
11160,7,18.0,0.0,0.9837110737965581,0.675,0.9837110737965581,0.0,0.7377833053474185,0.30471419674343914
11220,7,19.0,0.0,2.92812902497419,0.675,2.92812902497419,0.0,2.1960967687306425,0.9325866335628518
11280,7,20.0,0.0,0.8832388805188413,0.675,0.8832388805188413,0.0,0.6624291603891309,0.08876581208014721
11340,7,21.0,0.0,3.2519375513272433,0.675,3.2519375513272433,0.0,2.4389531634954325,0.7873908723351717
11400,7,22.0,0.0,0.5142604105862763,0.675,0.5142604105862763,0.0,0.3856953079397072,0.9288360789671429
11460,7,23.0,0.0,0.6921178522118884,0.675,0.6921178522118884,0.0,0.5190883891589163,0.5048246429243709
11520,8,0.0,0.0,0.570455711790256,0.675,0.570455711790256,0.0,0.427841783842692,0.9337074527148255
11580,8,1.0,0.0,0.735417943345281,0.675,0.735417943345281,0.0,0.5515634575089607,0.6962706223184358
11640,8,2.0,0.0,0.6311815100809993,0.675,0.6311815100809993,0.0,0.47338613256074946,0.7583950536024474
11700,8,3.0,0.0,0.6670054485405638,0.675,0.6670054485405638,0.0,0.5002540864054228,0.7892980850763288
11760,8,4.0,0.0,0.7696081423359713,0.675,0.7696081423359713,0.0,0.5772061067519785,0.9344004669180572
11820,8,5.0,0.0,0.6327142179827627,0.675,0.6327142179827627,0.0,0.47453566348707205,0.779690383263505
11880,8,6.0,0.0,0.6189525174365174,0.675,0.6189525174365174,0.0,0.464214388077388,0.6150887956355217
11940,8,7.0,0.0,0.520910095089722,0.675,0.520910095089722,0.0,0.39068257131729145,0.9271644476908282
12000,8,8.0,0.0,0.5729453780431611,0.675,0.5729453780431611,0.0,0.4297090335323709,0.9528368745450045
12060,8,9.0,0.0,0.6685354727215953,0.675,0.6685354727215953,0.0,0.5014016045411964,0.8520754724652005
12120,8,10.0,0.0,0.6297106583883998,0.675,0.6297106583883998,0.0,0.47228299379129984,0.9065642225342055
12180,8,11.0,0.0,0.6250477195271824,0.675,0.6250477195271824,0.0,0.4687857896453868,0.7528883417103219
12240,8,12.0,0.0,0.5354576404460324,0.675,0.5354576404460324,0.0,0.4015932303345243,0.8134132442028986
12300,8,13.0,0.0,0.5816817547039934,0.675,0.5816817547039934,0.0,0.43626131602799506,0.7639109984169081
12360,8,14.0,0.0,0.7379837477498942,0.675,0.7379837477498942,0.0,0.5534878108124206,0.9584077995599559
12420,8,15.0,0.0,0.7038677231222045,0.675,0.7038677231222045,0.0,0.5279007923416533,0.6585937271192814
12480,8,16.0,0.0,0.7111971798022437,0.675,0.7111971798022437,0.0,0.5333978848516828,0.9711926875229834
12540,8,17.0,0.0,0.7793863588711919,0.675,0.7793863588711919,0.0,0.5845397691533939,0.2605097932513548
12600,8,18.0,0.0,2.9497306991996384,0.675,2.9497306991996384,0.0,2.212298024399729,0.7809762078457042
12660,8,19.0,0.0,0.5521382382842999,0.675,0.5521382382842999,0.0,0.4141036787132249,0.8054588554796359
12720,8,20.0,0.0,2.0171581771940703,0.675,2.0171581771940703,0.0,1.5128686328955527,0.8674860381795311
12780,8,21.0,0.0,1.4538691195245486,0.675,1.4538691195245486,0.0,1.0904018396434114,0.973849330641266
12840,8,22.0,0.0,0.5353652900150571,0.675,0.5353652900150571,0.0,0.4015239675112928,0.6353502585570984
12900,8,23.0,0.0,0.5417677924821461,0.675,0.5417677924821461,0.0,0.40632584436160957,0.8232113296925748
12960,9,0.0,0.0,0.6203908843223601,0.675,0.6203908843223601,0.0,0.46529316324177006,0.8977612376621835
13020,9,1.0,0.0,0.7422184716410394,0.675,0.7422184716410394,0.0,0.5566638537307795,0.5768673559382238
13080,9,2.0,0.0,0.733316257095254,0.675,0.733316257095254,0.0,0.5499871928214406,0.10592601220295142
13140,9,3.0,0.0,0.6925664444189292,0.675,0.6925664444189292,0.0,0.5194248333141969,0.34074178363628504
13200,9,4.0,0.0,0.6299510488597826,0.675,0.6299510488597826,0.0,0.47246328664483694,0.6537688622458508
13260,9,5.0,0.0,0.6474084074268479,0.675,0.6474084074268479,0.0,0.48555630557013596,0.811278966967696
13320,9,6.0,0.0,0.6322443689936879,0.675,0.6322443689936879,0.0,0.4741832767452659,0.8616899174197923
13380,9,7.0,0.17986150434568374,0.7672976060669239,0.675,0.5874361017212402,0.0,0.4405770762909301,0.8610137022378405
13440,9,8.0,0.8513088803495806,0.6427249842237575,0.8728800584968718,0.0,0.0,0.0,0.6594764478601677
13500,9,9.0,0.6612770496818912,0.5061730065034595,1.0200246737203555,0.0,0.0,0.0,0.8129626055707605
13560,9,10.0,1.5661785537754318,0.678828987305542,1.8618383869627042,0.0,0.0,0.0,0.6383065561514942
13620,9,11.0,1.675395269900275,0.60686424736533,2.875535921490444,0.0,0.0,0.0,0.6531006368601046
13680,9,12.0,0.10691723610811832,0.543238913351141,2.4156124906261747,0.0,0.0,0.0,0.9786165527783763
13740,9,13.0,0.7464309736076217,0.612962501018713,2.5422318013875853,0.0,0.0,0.0,0.8454475585407444
13800,9,14.0,0.3425474429439779,0.5920260945127411,2.2792582125393084,0.0,0.0,0.0,0.9208920566424306
13860,9,15.0,0.4209934358559689,0.6180059028637714,2.071588838141497,0.0,0.0,0.0,0.8809250746684882
13920,9,16.0,0.14710607385244057,0.6402837354261901,1.5517339375785804,0.0,0.0,0.0,0.9411575704590238
13980,9,17.0,0.9785985730637339,0.734727192307008,1.7830906433750036,0.0,0.0,0.0,0.2437970917664885
14040,9,18.0,2.4388548464729667e-16,2.2797268184906043,0.675,1.2284997323946898,0.0,0.9213747992960173,0.6017047775454943
14100,9,19.0,0.0,1.2350246335456068,0.675,1.2350246335456068,0.0,0.9262684751592051,0.39484414402473067
14160,9,20.0,0.0,2.605779579410601,0.675,2.605779579410601,0.0,1.9543346845579506,0.48923580060986366
14220,9,21.0,0.0,1.3723732539542657,0.675,1.3723732539542657,0.0,1.0292799404656994,0.9771914948074694
14280,9,22.0,0.0,0.5276680410534413,0.675,0.5276680410534413,0.0,0.395751030790081,0.6208278940602702
14340,9,23.0,0.0,0.7524333152198115,0.675,0.7524333152198115,0.0,0.5643249864148586,0.6870045383202517
14400,10,0.0,0.0,0.6635667790220525,0.675,0.6635667790220525,0.0,0.4976750842665394,0.577670526471615
14460,10,1.0,0.0,0.5079663097961519,0.675,0.5079663097961519,0.0,0.3809747323471139,0.7967796727214407
14520,10,2.0,0.0,0.6178666694055281,0.675,0.6178666694055281,0.0,0.4634000020541461,0.8907486269207685
14580,10,3.0,0.0,0.6734032304086723,0.675,0.6734032304086723,0.0,0.5050524228065043,0.8150727202935704
14640,10,4.0,0.0,0.7922808040484237,0.675,0.7922808040484237,0.0,0.5942106030363178,0.013363203252020228
14700,10,5.0,0.0,0.6135983050339638,0.675,0.6135983050339638,0.0,0.46019872877547285,0.7155421581446233
14760,10,6.0,0.0,0.7058551486606911,0.675,0.7058551486606911,0.0,0.5293913614955184,0.8522982853533919
14820,10,7.0,0.0013129791820346518,0.7482969402326525,0.675,0.7469839610506178,0.0,0.5602379707879633,0.9989854075989543
14880,10,8.0,0.9619436102749302,0.5206737720161708,1.0936253254895367,0.0,0.0,0.0,0.6152225558900278
14940,10,9.0,0.11725245448378807,0.5944531598206788,0.675,0.0800578509040073,0.0,0.060043388178005475,0.9668359977294986
15000,10,10.0,1.6359214870144014,0.6072720770739635,1.6508625147600098,0.0,0.0,0.0,0.6222001156396569
15060,10,11.0,1.3882831698081604,0.6498411813409163,2.3514100957980943,0.0,0.0,0.0,0.712548700526681
15120,10,12.0,0.7259668482804099,0.7946005739266117,2.279063796683058,0.0,0.0,0.0,0.854806630343918
15180,10,13.0,2.611537604292944,0.756015825606656,4.039366317291721,0.0,0.0,0.0,0.45926746480606045
15240,10,14.0,0.19022939146299997,0.6567529401311754,3.547607318659772,0.0,0.0,0.0,0.9560684038524233
15300,10,15.0,0.209790657770679,0.6781119200560779,3.053953363490781,0.0,0.0,0.0,0.9406622413043066
15360,10,16.0,1.1654370673415861,0.5319147571508455,3.6549653981111137,0.0,0.0,0.0,0.5338251730633659
15420,10,17.0,1.2412373341454594,0.5674515706304715,4.294174698421996,0.0,0.0,0.0,0.04084544191576622
15480,10,18.0,1.0931116908182793e-17,1.244052867911805,2.982827834333361,0.0,0.0,0.0,0.9821481313374706
15540,10,19.0,0.0,1.8878930265162421,0.9928138534867001,0.0,0.0,0.0,0.9952636855407988
15600,10,20.0,0.0,2.5415698296952094,0.675,2.240065135003304,0.0,1.680048851252478,0.6758863741111496
15660,10,21.0,0.0,2.5468142566154652,0.675,2.5468142566154652,0.0,1.910110692461599,0.8879798610745832
15720,10,22.0,0.0,0.6287534938631105,0.675,0.6287534938631105,0.0,0.4715651203973329,0.8111154295272643
15780,10,23.0,0.0,0.5465327849827082,0.675,0.5465327849827082,0.0,0.40989958873703114,0.9329200611390158
15840,11,0.0,0.0,0.7227627248027626,0.675,0.7227627248027626,0.0,0.542072043602072,0.9992396716266979
15900,11,1.0,0.0,0.7451546205048573,0.675,0.7451546205048573,0.0,0.558865965378643,0.7761105623602959
15960,11,2.0,0.0,0.6286206889256386,0.675,0.6286206889256386,0.0,0.471465516694229,0.8548598464803617
16020,11,3.0,0.0,0.5072081408297318,0.675,0.5072081408297318,0.0,0.3804061056222988,0.9909535818452596
16080,11,4.0,0.0,0.5699385666236421,0.675,0.5699385666236421,0.0,0.42745392496773155,0.9870803623762874
16140,11,5.0,0.0,0.5703735612159988,0.675,0.5703735612159988,0.0,0.4277801709119991,0.21429246148785452
16200,11,6.0,0.0,0.7003947376359371,0.675,0.7003947376359371,0.0,0.5252960532269528,0.8698194407217046
16260,11,7.0,0.4075072792496324,0.6968980026741761,0.675,0.2893907234245437,0.0,0.21704304256840778,0.6851025556575909
16320,11,8.0,1.9384761451344037,0.5633184792968913,1.9795891097661777,0.0,0.0,0.0,0.22460954194623844
16380,11,9.0,0.33991035077269455,0.7397111000673849,1.5581621170951183,0.0,0.0,0.0,0.9038588343892519
16440,11,10.0,1.2561894757655878,0.7576817408099765,2.031088079196499,0.0,0.0,0.0,0.7098954672054252
16500,11,11.0,1.135006149217612,0.7632693693282329,2.3837485535486334,0.0,0.0,0.0,0.7649910338192067
16560,11,12.0,1.59843361939921,0.5380731081489375,3.389694860484071,0.0,0.0,0.0,0.680313276120158
16620,11,13.0,1.2110397551832346,0.5532690960613095,4.013710898740719,0.0,0.0,0.0,0.7492478775858278
16680,11,14.0,1.14060991474106,0.7093231645427969,4.4228654353242955,0.0,0.0,0.0,0.7365874234735572
16740,11,15.0,0.9130192403123939,0.5499863319141645,4.767268692164398,0.0,0.0,0.0,0.7417591615285265
16800,11,16.0,0.13634952458714691,0.5596038135542021,4.321119497974075,0.0,0.0,0.0,0.9454601901651413
16860,11,17.0,0.13210865710283387,0.620687056796912,3.806112645109608,0.0,0.0,0.0,0.8979142689824049
16920,11,18.0,1.1734528070181278e-16,1.5509931064496802,2.1712223612426147,0.0,0.0,0.0,0.8083606133890798
16980,11,19.0,0.0,2.965949945564231,0.675,1.5465087812836602,0.0,1.1598815859627452,0.9096100425758991
17040,11,20.0,0.0,2.693129832573279,0.675,2.693129832573279,0.0,2.0198473744299594,0.6316687596475662
17100,11,21.0,0.0,0.5111600013582047,0.675,0.5111600013582047,0.0,0.38337000101865354,0.8336171643650653
17160,11,22.0,0.0,0.730573778462281,0.675,0.730573778462281,0.0,0.5479303338467107,0.8456542146202275
17220,11,23.0,0.0,0.5083682548362116,0.675,0.5083682548362116,0.0,0.3812761911271587,0.5769394944992632
17280,12,0.0,0.0,0.6345868495796929,0.675,0.6345868495796929,0.0,0.4759401371847697,0.9902473772718406
17340,12,1.0,0.0,0.5841991773993299,0.675,0.5841991773993299,0.0,0.43814938304949747,0.7924923433604125
17400,12,2.0,0.0,0.5700906258884767,0.675,0.5700906258884767,0.0,0.42756796941635755,0.925458850016289
17460,12,3.0,0.0,0.704514409896814,0.675,0.704514409896814,0.0,0.5283858074226105,0.6404961540325306
17520,12,4.0,0.0,0.5833231341892964,0.675,0.5833231341892964,0.0,0.4374923506419723,0.8230254373487988
17580,12,5.0,0.0,0.7702263308813802,0.675,0.7702263308813802,0.0,0.5776697481610351,0.9280175415893525
17640,12,6.0,0.0,0.5166112711368794,0.675,0.5166112711368794,0.0,0.3874584533526596,0.8199000882589378
17700,12,7.0,0.860616376719282,0.7066240380850828,0.8210899596900038,0.0,0.0,0.0,0.3349667321596187
17760,12,8.0,0.44444683771025,0.6382744436020193,0.675,0.055234501120990015,0.0,0.04142587584074251,0.8222212649159
17820,12,9.0,2.5170428972663643,0.7570403607870688,2.3446850108844477,0.0,0.0,0.0,0.2880727595222077
17880,12,10.0,0.051648383400832866,0.5231687098695865,1.8476589459819674,0.0,0.0,0.0,0.9880723167761281
17940,12,11.0,2.6522416469020826,0.6684328660107415,3.7296652029395343,0.0,0.0,0.0,0.45083947965413257
18000,12,12.0,1.6741485491325654,0.6700537856345186,4.682233134730112,0.0,0.0,0.0,0.6651702901734869
18060,12,13.0,3.018640762811695,0.5656134796566473,7.009379147921534,0.0,0.0,0.0,0.3749746242092258
18120,12,14.0,0.22021438322114514,0.7671581909685399,6.432849753052529,0.0,0.0,0.0,0.9491436666271378
18180,12,15.0,0.008218034209067441,0.5911092287028924,5.8184284855003,0.0,0.0,0.0,0.9976755889130982
18240,12,16.0,0.3242428281095299,0.7675656923741653,5.351125155531662,0.0,0.0,0.0,0.8703028687561881
18300,12,17.0,0.25807731051470184,0.6281897824379348,4.960992354960816,0.0,0.0,0.0,0.8005731684757011
18360,12,18.0,1.2335498400623286e-16,2.351555131724117,2.4822356017256544,0.0,0.0,0.0,0.7985460230784625
18420,12,19.0,0.0,2.262028701602807,0.675,0.5475344706034084,0.0,0.4106508529525563,0.2763633311330158
18480,12,20.0,0.0,3.4740514515547325,0.675,3.4740514515547325,0.0,2.6055385886660494,0.49847131576913367
18540,12,21.0,0.0,3.2961545449287573,0.675,3.2961545449287573,0.0,2.472115908696568,0.7957211612322883
18600,12,22.0,0.0,0.5041026278436591,0.675,0.5041026278436591,0.0,0.37807697088274433,0.756540169401635
18660,12,23.0,0.0,0.5768200476865543,0.675,0.5768200476865543,0.0,0.43261503576491567,0.7319180884495976
18720,13,0.0,0.0,0.7407467503462339,0.675,0.7407467503462339,0.0,0.5555600627596755,0.5978625035821816
18780,13,1.0,0.0,0.7956357761810979,0.675,0.7956357761810979,0.0,0.5967268321358234,0.9890525348989814
18840,13,2.0,0.0,0.7525504489721297,0.675,0.7525504489721297,0.0,0.5644128367290973,0.9725937757623553
18900,13,3.0,0.0,0.5978039191662946,0.675,0.5978039191662946,0.0,0.448352939374721,0.8360024897652385
18960,13,4.0,0.0,0.7035739819708425,0.675,0.7035739819708425,0.0,0.5276804864781319,0.8995173552401922
19020,13,5.0,0.0,0.6267896921226022,0.675,0.6267896921226022,0.0,0.4700922690919516,0.8059372485175286
19080,13,6.0,0.0,0.7013920380627335,0.675,0.7013920380627335,0.0,0.5260440285470501,0.44866381740072486
19140,13,7.0,0.1374964991057384,0.604812109294921,0.675,0.4673156101891826,0.0,0.35048670764188694,0.8937508643915484
19200,13,8.0,0.9275020161668275,0.6594702379999852,0.9292772712936637,0.0,0.0,0.0,0.6289991935332689
19260,13,9.0,0.3200405709122788,0.721301467424186,0.675,0.1600322961617492,0.0,0.12002422212131189,0.9094788568212454
19320,13,10.0,0.7150051420335377,0.5506019840804396,0.8309665300968647,0.0,0.0,0.0,0.8348766355099881
19380,13,11.0,0.6145022982124814,0.5624013892338563,0.8803937922581364,0.0,0.0,0.0,0.8727640815706729
19440,13,12.0,0.5581215582926752,0.6068819092680053,0.8289958693943844,0.0,0.0,0.0,0.888375688341465
19500,13,13.0,0.27268313581684944,0.6678062669809207,0.675,0.24902982190085055,0.0,0.1867723664256379,0.9435395289378576
19560,13,14.0,0.41263862822596864,0.6987949019725819,0.675,0.28615627374661323,0.0,0.21461720530995992,0.9047051907662796
19620,13,15.0,1.0249906109595233,0.5515178198156496,1.1241757290395522,0.0,0.0,0.0,0.7100888753351915
19680,13,16.0,0.030559913619599442,0.7695635495974021,0.675,0.31287812394831643,0.0,0.2346585929612373,0.9877760345521602
19740,13,17.0,0.33870519864804666,0.7203414027916649,0.675,0.38163620414361826,0.0,0.2862271531077137,0.7382687209019863
19800,13,18.0,1.323199235716073e-16,0.6558755203140875,0.675,0.6558755203140874,0.0,0.4919066402355655,0.7839051656955563
19860,13,19.0,0.0,2.2589129759230158,0.675,2.2589129759230158,0.0,1.6941847319422618,0.6877587681086039
19920,13,20.0,0.0,0.5323150580322372,0.675,0.5323150580322372,0.0,0.3992362935241779,0.6330854024149948
19980,13,21.0,0.0,1.8687600571043315,0.675,1.8687600571043315,0.0,1.4015700428282485,0.6359171252901502
20040,13,22.0,0.0,0.7468697852638885,0.675,0.7468697852638885,0.0,0.5601523389479164,0.9970387878372275
20100,13,23.0,0.0,0.5829470684650297,0.675,0.5829470684650297,0.0,0.4372103013487723,0.78332480293201
20160,14,0.0,0.0,0.7895454764969718,0.675,0.7895454764969718,0.0,0.5921591073727288,0.7702508838614427
20220,14,1.0,0.0,0.746174317649808,0.675,0.746174317649808,0.0,0.559630738237356,0.661977587947085
20280,14,2.0,0.0,0.6514339384227549,0.675,0.6514339384227549,0.0,0.48857545381706613,0.9983926076024673
20340,14,3.0,0.0,0.5894129271013684,0.675,0.5894129271013684,0.0,0.4420596953260263,0.8436731482831478
20400,14,4.0,0.0,0.7000301986140842,0.675,0.7000301986140842,0.0,0.5250226489605632,0.9344142890466212
20460,14,5.0,0.0,0.6186181823397552,0.675,0.6186181823397552,0.0,0.4639636367548164,0.12251135499604437
20520,14,6.0,0.0,0.527832522337136,0.675,0.527832522337136,0.0,0.395874391752852,0.47102934510148375
20580,14,7.0,0.4169146128302711,0.7489877905339768,0.675,0.3320731777037057,0.0,0.24905488327777928,0.6778331264879467
20640,14,8.0,0.23766941741069325,0.6883890850733221,0.675,0.45071966766262883,0.0,0.3380397507469716,0.9049322330357227
20700,14,9.0,2.572994857950618,0.6556967652391852,2.4939086779394417,0.0,0.0,0.0,0.2722471551940001
20760,14,10.0,1.5300848307251789,0.7593250978901356,3.2251155632899233,0.0,0.0,0.0,0.646642044439142
20820,14,11.0,0.4362919781971517,0.5297889470010358,3.1265611047092623,0.0,0.0,0.0,0.9096634614536987
20880,14,12.0,0.8691579856167236,0.588877873342959,3.3924581659991055,0.0,0.0,0.0,0.8261684028766553
20940,14,13.0,0.057078675428377815,0.7233972192787401,2.69009675074113,0.0,0.0,0.0,0.9881815613839284
21000,14,14.0,0.3137826049287204,0.6951410532163457,2.288109650228985,0.0,0.0,0.0,0.9275350114309525
21060,14,15.0,0.4004416038228107,0.6359333469029066,2.0398795574635518,0.0,0.0,0.0,0.8867380105870695
21120,14,16.0,0.09970333983074682,0.7951187867634723,1.306847313339763,0.0,0.0,0.0,0.9601186640677013
21180,14,17.0,0.3749621247514657,0.5790451231202216,1.0917249444858639,0.0,0.0,0.0,0.7102515198578689
21240,14,18.0,6.389043201202954e-17,0.896065983845706,0.675,0.5007259891309394,0.0,0.3755444918482045,0.895659006243249
21300,14,19.0,0.0,0.7619344903740992,0.675,0.7619344903740992,0.0,0.5714508677805744,0.3684063263455515
21360,14,20.0,0.0,3.0986767272197335,0.675,3.0986767272197335,0.0,2.3240075454148004,0.8912330322535861
21420,14,21.0,0.0,2.7005236083925306,0.675,2.7005236083925306,0.0,2.025392706294398,0.6482267713918464
21480,14,22.0,0.0,0.5531245045132921,0.675,0.5531245045132921,0.0,0.4148433783849691,0.8214196295486694
21540,14,23.0,0.0,0.5678849240503958,0.675,0.5678849240503958,0.0,0.42591369303779686,0.6036007870358873
21600,15,0.0,0.0,0.6696003438904963,0.675,0.6696003438904963,0.0,0.5022002579178722,0.7135249486597589
21660,15,1.0,0.0,0.764585833204795,0.675,0.764585833204795,0.0,0.5734393749035962,0.4602949694466597
21720,15,2.0,0.0,0.7737699751193847,0.675,0.7737699751193847,0.0,0.5803274813395385,0.9429487303177032
21780,15,3.0,0.0,0.5830271537131504,0.675,0.5830271537131504,0.0,0.4372703652848628,0.9333791789218209
21840,15,4.0,0.0,0.5949110111787546,0.675,0.5949110111787546,0.0,0.4461832583840659,0.8399552732144497
21900,15,5.0,0.0,0.7702468993501884,0.675,0.7702468993501884,0.0,0.5776851745126413,0.4947840966967887
21960,15,6.0,0.0,0.5699322833712314,0.675,0.5699322833712314,0.0,0.4274492125284235,0.7664515464008602
22020,15,7.0,0.20052337989313643,0.7280482989368074,0.675,0.527524919043671,0.0,0.3956436892827533,0.8450474308691563
22080,15,8.0,0.6562688802835858,0.745151507251083,0.675,0.08888262696749727,0.0,0.06666197022562295,0.7374924478865656
22140,15,9.0,0.06627602082214648,0.7265308853557618,0.675,0.6602548645336154,0.0,0.4951911484002115,0.9812543104986398
22200,15,10.0,0.7259659605122872,0.5551098334636816,0.8370883541006089,0.0,0.0,0.0,0.8323453429102903
22260,15,11.0,1.2031637593962856,0.6223745937892163,1.3880733352007293,0.0,0.0,0.0,0.7508786437528754
22320,15,12.0,0.32373752094667085,0.5009328664459989,1.201293041014615,0.0,0.0,0.0,0.9352524958106658
22380,15,13.0,0.7603219704386452,0.6141201211690821,1.3399922935607482,0.0,0.0,0.0,0.8425713549124823
22440,15,14.0,0.4895627292891423,0.5650356726490984,1.260436825982634,0.0,0.0,0.0,0.8869403305838823
22500,15,15.0,0.8841353810410711,0.7623444503484558,1.3759778477847457,0.0,0.0,0.0,0.7499287506315626
22560,15,16.0,0.893577851867364,0.5323934325539841,1.7186274739034229,0.0,0.0,0.0,0.6425688592530546
22620,15,17.0,0.03221535247493206,0.6286359543343051,1.0899449587953978,0.0,0.0,0.0,0.9751058872331662
22680,15,18.0,3.058375747360743e-16,1.032916522500153,0.675,0.6392651704807004,0.0,0.4794488778605253,0.5005293363784393
22740,15,19.0,0.0,1.2290502880610203,0.675,1.2290502880610203,0.0,0.9217877160457653,0.9750916080283902
22800,15,20.0,0.0,1.5855603116986576,0.675,1.5855603116986576,0.0,1.1891702337739933,0.7415548790684363
22860,15,21.0,0.0,3.055912713899165,0.675,3.055912713899165,0.0,2.2919345354243736,0.8021262897443978
22920,15,22.0,0.0,0.7109541954281136,0.675,0.7109541954281136,0.0,0.5332156465710851,0.9965435509388727
22980,15,23.0,0.0,0.6398892138056229,0.675,0.6398892138056229,0.0,0.4799169103542172,0.6585420530589015
23040,16,0.0,0.0,0.7114546135954871,0.675,0.7114546135954871,0.0,0.5335909601966153,0.880466147274291
23100,16,1.0,0.0,0.5777535140787365,0.675,0.5777535140787365,0.0,0.43331513555905243,0.9548557499826059
23160,16,2.0,0.0,0.5214282641231077,0.675,0.5214282641231077,0.0,0.3910711980923308,0.5161702170918181
23220,16,3.0,0.0,0.7715926614274167,0.675,0.7715926614274167,0.0,0.5786944960705624,0.9808150990286169
23280,16,4.0,0.0,0.7555069608115967,0.675,0.7555069608115967,0.0,0.5666302206086975,0.8835168181329992
23340,16,5.0,0.0,0.6900928172424496,0.675,0.6900928172424496,0.0,0.5175696129318372,0.9366364942677329
23400,16,6.0,0.0,0.5580692102147217,0.675,0.5580692102147217,0.0,0.4185519076610412,0.6956413061410291
23460,16,7.0,0.11954879133498163,0.5379114060778526,0.675,0.41836261474287095,0.0,0.3137719610571532,0.9076197879583188
23520,16,8.0,0.3729772459568894,0.791872455573523,0.675,0.4188952096166336,0.0,0.3141714072124752,0.8508091016172442
23580,16,9.0,0.8127595797614606,0.5492959565649683,0.9249435389703862,0.0,0.0,0.0,0.770116875870537
23640,16,10.0,0.6910173376192101,0.7829772328785243,0.8280092981670685,0.0,0.0,0.0,0.8404163816443402
23700,16,11.0,0.5412206735966951,0.646432636510218,0.717106151532436,0.0,0.0,0.0,0.8879374256559682
23760,16,12.0,1.7272460279109807,0.6208134593664573,1.7667602497297554,0.0,0.0,0.0,0.6545507944178038
23820,16,13.0,2.9976491323099776,0.5140592031573493,4.122900534723313,0.0,0.0,0.0,0.37932105121850535
23880,16,14.0,1.3697075285388918,0.7776243418610593,4.684599964981097,0.0,0.0,0.0,0.6836795958748055
23940,16,15.0,1.0767991027357282,0.6990154067619493,5.042997047627215,0.0,0.0,0.0,0.6954352209919907
24000,16,16.0,0.944690833156921,0.6212911202333881,5.349800953872101,0.0,0.0,0.0,0.6221236667372319
24060,16,17.0,1.1999554427538395,0.6755603947989924,5.847285777447263,0.0,0.0,0.0,0.07274563795834713
24120,16,18.0,3.4456525914378246e-17,1.6384419181781809,4.1202163523345,0.0,0.0,0.0,0.943728222801271
24180,16,19.0,0.0,1.4759535612806647,2.5644246942398983,0.0,0.0,0.0,0.9933815818329159
24240,16,20.0,0.0,2.964339583831117,0.675,1.171873933481527,0.0,0.8789054501111452,0.8227535510772095
24300,16,21.0,0.0,1.228661017230189,0.675,1.228661017230189,0.0,0.9214957629226418,0.7775048382870091
24360,16,22.0,0.0,0.6311846143020732,0.675,0.6311846143020732,0.0,0.4733884607265549,0.8672935578673701
24420,16,23.0,0.0,0.7369096516511313,0.675,0.7369096516511313,0.0,0.5526822387383485,0.9990883661824049
24480,17,0.0,0.0,0.5312172405528977,0.675,0.5312172405528977,0.0,0.39841293041467324,0.8770619750802379
24540,17,1.0,0.0,0.5210042621959273,0.675,0.5210042621959273,0.0,0.3907531966469455,0.8409601966184356
24600,17,2.0,0.0,0.7894949214249536,0.675,0.7894949214249536,0.0,0.5921211910687152,0.9685387753240391
24660,17,3.0,0.0,0.5214000621156355,0.675,0.5214000621156355,0.0,0.3910500465867266,0.7030218591844597
24720,17,4.0,0.0,0.6347543998103162,0.675,0.6347543998103162,0.0,0.47606579985773717,0.9559491532161422
24780,17,5.0,0.0,0.6375706049425962,0.675,0.6375706049425962,0.0,0.47817795370694716,0.852916226695911
24840,17,6.0,0.0,0.5956883794556892,0.675,0.5956883794556892,0.0,0.4467662845917669,0.8626038965263283
24900,17,7.0,0.12084946202011229,0.5861304848268296,0.675,0.46528102280671735,0.0,0.348960767105038,0.9066147068333069
24960,17,8.0,1.3229396541603928,0.6830324366102545,1.282069289591793,0.0,0.0,0.0,0.4708241383358428
25020,17,9.0,0.0,0.62328339691013,0.675,0.04736690111500552,0.0,0.03552517583625414,0.6350988861258468
25080,17,10.0,0.0,0.7107714228225384,0.675,0.7107714228225384,0.0,0.5330785671169038,0.8960342370813699
25140,17,11.0,0.0,0.5742510368038708,0.675,0.5742510368038708,0.0,0.43068827760290307,0.6863802395428455
25200,17,12.0,0.0,0.7388430628147896,0.675,0.7388430628147896,0.0,0.5541322971110922,0.6149982362181796
25260,17,13.0,0.0,0.7405942729703714,0.675,0.7405942729703714,0.0,0.5554457047277785,0.2797227694813498
25320,17,14.0,0.0,0.6601053546711455,0.675,0.6601053546711455,0.0,0.49507901600335913,0.756483590926623
25380,17,15.0,0.0,0.5334090291919689,0.675,0.5334090291919689,0.0,0.40005677189397665,0.04700309608375122
25440,17,16.0,0.0,0.6124537103528817,0.675,0.6124537103528817,0.0,0.4593402827646612,0.8695264310630878
25500,17,17.0,0.0,0.6285634434318534,0.675,0.6285634434318534,0.0,0.4714225825738901,0.8630591030829499
25560,17,18.0,0.0,3.2309535813156627,0.675,3.2309535813156627,0.0,2.423215185986747,0.7670842970706178
25620,17,19.0,0.0,0.6206435377562879,0.675,0.6206435377562879,0.0,0.46548265331721594,0.6214160278680525
25680,17,20.0,0.0,1.1593129410779976,0.675,1.1593129410779976,0.0,0.8694847058084982,0.4233248568553928
25740,17,21.0,0.0,3.485086602355468,0.675,3.485086602355468,0.0,2.613814951766601,0.6143124473602187
25800,17,22.0,0.0,0.6609896690947428,0.675,0.6609896690947428,0.0,0.4957422518210571,0.7243349338038084
25860,17,23.0,0.0,0.5861385619596846,0.675,0.5861385619596846,0.0,0.43960392146976346,0.4395458971221994
25920,18,0.0,0.0,0.7813304798639982,0.675,0.7813304798639982,0.0,0.5859978598979987,0.6106143513255031
25980,18,1.0,0.0,0.7704341723051522,0.675,0.7704341723051522,0.0,0.5778256292288642,0.6786572115534386
26040,18,2.0,0.0,0.6071259753879015,0.675,0.6071259753879015,0.0,0.4553444815409261,0.9598199733685898
26100,18,3.0,0.0,0.797035611419616,0.675,0.797035611419616,0.0,0.597776708564712,0.9914522012936524
26160,18,4.0,0.0,0.5676325782539053,0.675,0.5676325782539053,0.0,0.425724433690429,0.21768013276789755
26220,18,5.0,0.0,0.7413685028832933,0.675,0.7413685028832933,0.0,0.5560263771624699,0.21282886943559368
26280,18,6.0,0.0,0.5589960329859809,0.675,0.5589960329859809,0.0,0.41924702473948566,0.7665443195063865
26340,18,7.0,0.5804592409885362,0.6160298962057986,0.675,0.03557065521726244,0.0,0.026677991412946828,0.5514555424168182
26400,18,8.0,0.42283675049025105,0.5696388249520351,0.675,0.14680207446178406,0.0,0.11010155584633805,0.8308652998038996
26460,18,9.0,0.03692021991885063,0.5603996781378052,0.675,0.5234794582189546,0.0,0.39260959366421594,0.9895573848529928
26520,18,10.0,0.7305026588340741,0.7589531749295092,0.675,0.02845051609543514,0.0,0.021337887071576356,0.831297637311364
26580,18,11.0,1.766649821428825,0.7917543563378939,1.599867045076954,0.0,0.0,0.0,0.634205904149802
26640,18,12.0,0.06826362168803612,0.6934104240667569,0.9409044559143123,0.0,0.0,0.0,0.9863472756623928
26700,18,13.0,0.7297833112581819,0.7736613387305822,0.894652953898237,0.0,0.0,0.0,0.8488945441987213
26760,18,14.0,0.24748673210487207,0.7541244563547556,0.675,0.2982566355191667,0.0,0.22369247663937503,0.9428453874393565
26820,18,15.0,2.582436664141137,0.6757887659836109,2.483805016245162,0.0,0.0,0.0,0.2695766091204141
26880,18,16.0,0.4327072130705909,0.5346153146295007,2.3763844452618583,0.0,0.0,0.0,0.8269171147717638
26940,18,17.0,0.1858493723415361,0.5702743632522647,1.9711649250060486,0.0,0.0,0.0,0.8563866331645578
27000,18,18.0,4.669857391533466e-16,1.4425202831664659,0.675,0.21287026729433056,0.0,0.15965270047074792,0.23735441193578405
27060,18,19.0,0.0,3.25106651811338,0.675,3.25106651811338,0.0,2.438299888585035,0.7289652322059569
27120,18,20.0,0.0,3.417792199286711,0.675,3.417792199286711,0.0,2.563344149465033,0.7221985472809913
27180,18,21.0,0.0,2.08734977183676,0.675,2.08734977183676,0.0,1.56551232887757,0.3136669020033934
27240,18,22.0,0.0,0.530407340880808,0.675,0.530407340880808,0.0,0.397805505660606,0.944629068669731
27300,18,23.0,0.0,0.5307145697007535,0.675,0.5307145697007535,0.0,0.39803592727556514,0.4440195700411994
27360,19,0.0,0.0,0.5184787896570762,0.675,0.5184787896570762,0.0,0.3888590922428071,0.654431892716706
27420,19,1.0,0.0,0.6922988487979149,0.675,0.6922988487979149,0.0,0.5192241365984362,0.2518592845541352
27480,19,2.0,0.0,0.675054053403835,0.675,0.675054053403835,0.0,0.5062905400528762,0.9868972813357192
27540,19,3.0,0.0,0.7892066434352926,0.675,0.7892066434352926,0.0,0.5919049825764694,0.6621983742175539
27600,19,4.0,0.0,0.5873707636366386,0.675,0.5873707636366386,0.0,0.44052807272747896,0.9682306463535126
27660,19,5.0,0.0,0.6222911125083597,0.675,0.6222911125083597,0.0,0.46671833438126975,0.9914915649686341
27720,19,6.0,0.0,0.7761409584756493,0.675,0.7761409584756493,0.0,0.582105718856737,0.9404914255586773
27780,19,7.0,0.9739991590392238,0.7961777791816778,0.8436961731071501,0.0,0.0,0.0,0.24735124600014405
27840,19,8.0,0.8186934061839478,0.5538429758435102,1.0949553528526144,0.0,0.0,0.0,0.6725226375264208
27900,19,9.0,1.3800723176127594,0.5080899345634685,1.922190475845762,0.0,0.0,0.0,0.6096566022752732
27960,19,10.0,0.9540622883478983,0.6416387256681424,2.218581491677484,0.0,0.0,0.0,0.7796687523994682
28020,19,11.0,1.1209796335232713,0.6464417750031821,2.66876763234815,0.0,0.0,0.0,0.7678952973377066
28080,19,12.0,1.4379311155543988,0.7452321123455898,3.3259196072685864,0.0,0.0,0.0,0.7124137768891202
28140,19,13.0,0.0,0.509642268613731,2.7887094870303417,0.0,0.0,0.0,0.7319129218888076
28200,19,14.0,0.0,0.7911833181095516,1.9547290430450994,0.0,0.0,0.0,0.6903309047842314
28260,19,15.0,0.0,0.7581143484151642,1.1556063537629724,0.0,0.0,0.0,0.4254243974390771
28320,19,16.0,0.0,0.5225137691161313,0.675,0.06657054836424281,0.0,0.04992791127318211,0.9692883259797925
28380,19,17.0,0.0,0.5701764851146718,0.675,0.5701764851146718,0.0,0.42763236383600384,0.89526000028269
28440,19,18.0,0.0,3.028292625333447,0.675,3.028292625333447,0.0,2.2712194690000853,0.3486543096319913
28500,19,19.0,0.0,0.9746848221949023,0.675,0.9746848221949023,0.0,0.7310136166461767,0.8780126045997831
28560,19,20.0,0.0,3.1126338656634345,0.675,3.1126338656634345,0.0,2.3344753992475757,0.6183691226241416
28620,19,21.0,0.0,0.6145492198777269,0.675,0.6145492198777269,0.0,0.4609119149082952,0.6748085542243812
28680,19,22.0,0.0,0.6768362077485408,0.675,0.6768362077485408,0.0,0.5076271558114056,0.9449899315180392
28740,19,23.0,0.0,0.6153421840014166,0.675,0.6153421840014166,0.0,0.46150663800106245,0.8947382560096081
28800,20,0.0,0.0,0.5001873080771148,0.675,0.5001873080771148,0.0,0.37514048105783604,0.90468227047262
28860,20,1.0,0.0,0.6758350000729245,0.675,0.6758350000729245,0.0,0.5068762500546934,0.9836805674814344
28920,20,2.0,0.0,0.537704242436784,0.675,0.537704242436784,0.0,0.403278181827588,0.11599983243970734
28980,20,3.0,0.0,0.7115294742391045,0.675,0.7115294742391045,0.0,0.5336471056793284,0.44301760074891183
29040,20,4.0,0.0,0.6705594523354008,0.675,0.6705594523354008,0.0,0.5029195892515506,0.984277967690226
29100,20,5.0,0.0,0.7460505920520967,0.675,0.7460505920520967,0.0,0.5595379440390725,0.6781614907614775
29160,20,6.0,0.0,0.7109201114158399,0.675,0.7109201114158399,0.0,0.5331900835618799,0.8669196639608128
29220,20,7.0,0.0,0.7144238808523435,0.675,0.7144238808523435,0.0,0.5358179106392577,0.937563807009667
29280,20,8.0,0.0,0.544887041876355,0.675,0.544887041876355,0.0,0.4086652814072662,0.8523926079014021
29340,20,9.0,0.0,0.578129840349696,0.675,0.578129840349696,0.0,0.43359738026227196,0.9084922418670026
29400,20,10.0,0.0,0.6829498955361362,0.675,0.6829498955361362,0.0,0.5122124216521021,0.20792944492344706
29460,20,11.0,0.0,0.5181900526978662,0.675,0.5181900526978662,0.0,0.38864253952339967,0.9484494918202504
29520,20,12.0,0.0,0.5445084955521674,0.675,0.5445084955521674,0.0,0.4083813716641256,0.9851859313597738
29580,20,13.0,0.0,0.7204866086238108,0.675,0.7204866086238108,0.0,0.5403649564678581,0.5658411413156126
29640,20,14.0,0.0,0.7437152547568749,0.675,0.7437152547568749,0.0,0.5577864410676562,0.8652642593596975
29700,20,15.0,0.0,0.6898165625099391,0.675,0.6898165625099391,0.0,0.5173624218824543,0.9621692979353274
29760,20,16.0,0.0,0.5141018582918933,0.675,0.5141018582918933,0.0,0.38557639371891994,0.09542145504851683
29820,20,17.0,0.0,0.504207850675988,0.675,0.504207850675988,0.0,0.37815588800699096,0.7429549655959224
29880,20,18.0,0.0,1.0244066959886373,0.675,1.0244066959886373,0.0,0.768305021991478,0.7322917172601406
29940,20,19.0,0.0,0.9144750101019761,0.675,0.9144750101019761,0.0,0.685856257576482,0.07362813518800553
30000,20,20.0,0.0,3.2495649854245077,0.675,3.2495649854245077,0.0,2.4371737390683808,0.8223999737962243
30060,20,21.0,0.0,3.352523187582734,0.675,3.352523187582734,0.0,2.5143923906870507,0.9747708626749308
30120,20,22.0,0.0,0.6644963414829236,0.675,0.6644963414829236,0.0,0.4983722561121927,0.6525056326154848
30180,20,23.0,0.0,0.7352296813939168,0.675,0.7352296813939168,0.0,0.5514222610454376,0.8943373827717672
30240,21,0.0,0.0,0.651257676804653,0.675,0.651257676804653,0.0,0.4884432576034897,0.9551678724075886
30300,21,1.0,0.0,0.6739482668307023,0.675,0.6739482668307023,0.0,0.5054612001230268,0.924827690987288
30360,21,2.0,0.0,0.5172598616423916,0.675,0.5172598616423916,0.0,0.3879448962317937,0.6022738554335075
30420,21,3.0,0.0,0.5622030425718838,0.675,0.5622030425718838,0.0,0.42165228192891285,0.6587588998527731
30480,21,4.0,0.0,0.7087337846213486,0.675,0.7087337846213486,0.0,0.5315503384660114,0.8760078628836103
30540,21,5.0,0.0,0.5068928653983497,0.675,0.5068928653983497,0.0,0.38016964904876227,0.041225195060309555
30600,21,6.0,0.0,0.7706167165859159,0.675,0.7706167165859159,0.0,0.5779625374394369,0.9641143731470843
30660,21,7.0,0.0,0.6435256339323598,0.675,0.6435256339323598,0.0,0.4826442254492699,0.8905780396627743
30720,21,8.0,0.0,0.6032580999138194,0.675,0.6032580999138194,0.0,0.4524435749353646,0.6470157539585096
30780,21,9.0,0.0,0.7563088837824996,0.675,0.7563088837824996,0.0,0.5672316628368748,0.6221600631994976
30840,21,10.0,0.0,0.6360608129172096,0.675,0.6360608129172096,0.0,0.4770456096879072,0.7068149533093488
30900,21,11.0,0.0,0.6386441056896373,0.675,0.6386441056896373,0.0,0.47898307926722794,0.6085083327787589
30960,21,12.0,0.0,0.7693135059917839,0.675,0.7693135059917839,0.0,0.576985129493838,0.6911142828925402
31020,21,13.0,0.0,0.7885628255071617,0.675,0.7885628255071617,0.0,0.5914221191303712,0.7234448401436951
31080,21,14.0,0.0,0.7541700423859468,0.675,0.7541700423859468,0.0,0.5656275317894601,0.6802524674705782
31140,21,15.0,0.33344530691783475,0.7582923180341081,0.675,0.4248470111162734,0.0,0.318635258337205,0.9056874249294278
31200,21,16.0,2.0572538186740257,0.7202940927985149,1.9433513621042904,0.0,0.0,0.0,0.17709847253039038
31260,21,17.0,0.4717548391162577,0.6189622674478491,1.7881811080963472,0.0,0.0,0.0,0.6354558537766102
31320,21,18.0,1.4767824861116796e-16,2.813952880883216,0.675,1.757896555926848,0.0,1.318422416945136,0.7588231174670325
31380,21,19.0,0.0,3.0277907684291687,0.675,3.0277907684291687,0.0,2.2708430763218765,0.6995070101254223
31440,21,20.0,0.0,3.135803645579639,0.675,3.135803645579639,0.0,2.3518527341847295,0.42296945517462514
31500,21,21.0,0.0,3.2737592183510693,0.675,3.2737592183510693,0.0,2.455319413763302,0.8334709163131878
31560,21,22.0,0.0,0.7507598616442347,0.675,0.7507598616442347,0.0,0.563069896233176,0.9515695494694244
31620,21,23.0,0.0,0.5009487137930715,0.675,0.5009487137930715,0.0,0.3757115353448036,0.6294741726721181
31680,22,0.0,0.0,0.6193532470551364,0.675,0.6193532470551364,0.0,0.4645149352913523,0.6664606129303822
31740,22,1.0,0.0,0.6965295732755625,0.675,0.6965295732755625,0.0,0.5223971799566719,0.051864249630073994
31800,22,2.0,0.0,0.6063149685107361,0.675,0.6063149685107361,0.0,0.45473622638305206,0.9208799184178672
31860,22,3.0,0.0,0.7836406529383706,0.675,0.7836406529383706,0.0,0.587730489703778,0.6261837698209838
31920,22,4.0,0.0,0.5317029240684854,0.675,0.5317029240684854,0.0,0.39877719305136405,0.6965613884213419
31980,22,5.0,0.0,0.6553861334592478,0.675,0.6553861334592478,0.0,0.49153960009443587,0.20758320167578403
32040,22,6.0,0.0,0.6150761832133694,0.675,0.6150761832133694,0.0,0.46130713741002705,0.843018308679235
32100,22,7.0,0.0895911987568262,0.6445168997422266,0.675,0.5549257009854004,0.0,0.4161942757390503,0.9307692378500676
32160,22,8.0,0.9506384495330026,0.7037681278322149,0.9092017509818946,0.0,0.0,0.0,0.6197446201867989
32220,22,9.0,1.951855647878992,0.7429113351453307,2.056107028745476,0.0,0.0,0.0,0.44793185419500103
32280,22,10.0,1.6054972365962015,0.5583426186313816,3.049525125285167,0.0,0.0,0.0,0.6292262953071931
32340,22,11.0,2.838551205124946,0.5544874041306905,5.21637830497019,0.0,0.0,0.0,0.41226311009196137
32400,22,12.0,1.9185673358136113,0.6676091687222029,6.403141424649693,0.0,0.0,0.0,0.6162865328372777
32460,22,13.0,0.37996094345433,0.7350391220886371,6.028856160680178,0.0,0.0,0.0,0.9213270971511179
32520,22,14.0,0.6972304809515345,0.6863106187292435,6.039215651587478,0.0,0.0,0.0,0.8389815176541677
32580,22,15.0,0.08802105342014895,0.5270016249959105,5.576489500006819,0.0,0.0,0.0,0.9751038864957717
32640,22,16.0,1.9751304892818624,0.5256576022348827,6.951580218925347,0.0,0.0,0.0,0.20994780428725562
32700,22,17.0,0.6922976519556019,0.6690031010433655,6.973679370311373,0.0,0.0,0.0,0.46503345479744335
32760,22,18.0,1.2604088576447728e-16,0.943067131317244,5.979599329843507,0.0,0.0,0.0,0.7941596126291567
32820,22,19.0,0.0,2.1290400220182093,3.7353940967659804,0.0,0.0,0.0,0.9106370907915359
32880,22,20.0,0.0,1.9033709360692292,1.7290649667174804,0.0,0.0,0.0,0.9278095625905429
32940,22,21.0,0.0,1.9372803980436295,0.675,0.9373065690585851,0.0,0.7029799267939388,0.845814616746129
33000,22,22.0,0.0,0.562307573135603,0.675,0.562307573135603,0.0,0.4217306798517022,0.6542939445070803
33060,22,23.0,0.0,0.6434357243092729,0.675,0.6434357243092729,0.0,0.4825767932319547,0.8003350178712191
33120,23,0.0,0.0,0.5097303528068199,0.675,0.5097303528068199,0.0,0.3822977646051149,0.5001851783559257
33180,23,1.0,0.0,0.6374618168826675,0.675,0.6374618168826675,0.0,0.4780963626620006,0.7664075462383441
33240,23,2.0,0.0,0.6470976710578829,0.675,0.6470976710578829,0.0,0.48532325329341214,0.8966146451500262
33300,23,3.0,0.0,0.6803236455626696,0.675,0.6803236455626696,0.0,0.5102427341720022,0.16820293681484347
33360,23,4.0,0.0,0.766439937138959,0.675,0.766439937138959,0.0,0.5748299528542192,0.8586350551382886
33420,23,5.0,0.0,0.6397027246250659,0.675,0.6397027246250659,0.0,0.47977704346879946,0.965082266562079
33480,23,6.0,0.0,0.6122325554438034,0.675,0.6122325554438034,0.0,0.4591744165828525,0.7598797694867125
33540,23,7.0,0.1374437344636917,0.7426579981050174,0.675,0.6052142636413257,0.0,0.45391069773099424,0.8937916377759226
33600,23,8.0,0.1710387305983124,0.7543928060393732,0.675,0.5833540754410608,0.0,0.43751555658079555,0.931584507760675
33660,23,9.0,2.812335178887295,0.6282650816936062,2.746990822979215,0.0,0.0,0.0,0.2045514896157246
33720,23,10.0,0.09723745364419122,0.7234735103928366,2.0868800588964884,0.0,0.0,0.0,0.977543971985285
33780,23,11.0,0.5329225758240519,0.6022234156483379,2.013830559694073,0.0,0.0,0.0,0.8896555902493145
33840,23,12.0,0.35528563675131297,0.5940021609674896,1.7622012491467864,0.0,0.0,0.0,0.9289428726497374
33900,23,13.0,0.08742585471132992,0.5905505780643343,1.2318612248342524,0.0,0.0,0.0,0.9818980190130735
33960,23,14.0,0.17336049758345645,0.6833883455218233,0.6942446683011682,0.0,0.0,0.0,0.9599641080213376
34020,23,15.0,1.3135445093201754,0.5429075558080153,1.4253350749586846,0.0,0.0,0.0,0.6284735080277392
34080,23,16.0,0.27814317736209704,0.7326167178375372,0.9462779002309798,0.0,0.0,0.0,0.8887427290551613
34140,23,17.0,0.14980832656733006,0.6065283391596573,0.675,0.19936319951298315,0.0,0.14952239963473735,0.8842370147003754
34200,23,18.0,3.5120989797333213e-17,1.72691669680675,0.675,1.72691669680675,0.0,1.2951875226050624,0.9426430709298619
34260,23,19.0,0.0,0.5106367155218889,0.675,0.5106367155218889,0.0,0.3829775366414167,0.6983615513648265
34320,23,20.0,0.0,1.9903930143272388,0.675,1.9903930143272388,0.0,1.492794760745429,0.982352100489478
34380,23,21.0,0.0,0.6824331111758344,0.675,0.6824331111758344,0.0,0.5118248333818758,0.6538412257849316
34440,23,22.0,0.0,0.6279367384427917,0.675,0.6279367384427917,0.0,0.4709525538320938,0.8248184251441123
34500,23,23.0,0.0,0.6020135849467438,0.675,0.6020135849467438,0.0,0.4515101887100579,0.8844387374696548
34560,24,0.0,0.0,0.7634633901085435,0.675,0.7634633901085435,0.0,0.5725975425814076,0.693054786036615
34620,24,1.0,0.0,0.5995615587416415,0.675,0.5995615587416415,0.0,0.44967116905623117,0.8726168017727756
34680,24,2.0,0.0,0.6271650693860615,0.675,0.6271650693860615,0.0,0.47037380203954615,0.9201529104042667
34740,24,3.0,0.0,0.7985975050535223,0.675,0.7985975050535223,0.0,0.5989481287901417,0.8872173428459016
34800,24,4.0,0.0,0.6213220836719041,0.675,0.6213220836719041,0.0,0.46599156275392806,0.7186183849380626
34860,24,5.0,0.0,0.7869905976233225,0.675,0.7869905976233225,0.0,0.5902429482174918,0.7230359496528863
34920,24,6.0,0.0,0.7732924756686596,0.675,0.7732924756686596,0.0,0.5799693567514946,0.680576134649997
34980,24,7.0,0.2909659075574419,0.7062770896588315,0.675,0.4153111821013896,0.0,0.31148338657604224,0.7751588122565034
35040,24,8.0,0.36042927186569007,0.6310830773475103,0.675,0.2706538054818203,0.0,0.2029903541113652,0.855828291253724
35100,24,9.0,1.9189396036634294,0.7756169401815481,1.759651115127889,0.0,0.0,0.0,0.45724191742486525
35160,24,10.0,0.547435641585237,0.7206981701610526,1.5770163739746934,0.0,0.0,0.0,0.8735751539867072
35220,24,11.0,3.1358504362093034,0.7808026583421074,3.8112108669482785,0.0,0.0,0.0,0.35070574761278783
35280,24,12.0,2.9149493674361016,0.6044172044035035,6.0031741396258305,0.0,0.0,0.0,0.4170101265127797
35340,24,13.0,0.6585337275697624,0.6525949609728755,6.008808148307318,0.0,0.0,0.0,0.8636471435700724
35400,24,14.0,0.4569513631452028,0.693280630217466,5.759695227738456,0.0,0.0,0.0,0.8944716029926203
35460,24,15.0,0.36698004481002183,0.5033635804966156,5.615934358366292,0.0,0.0,0.0,0.8962023687018762
35520,24,16.0,0.014976355209962999,0.5877987924260364,5.0121264928824285,0.0,0.0,0.0,0.9940094579160148
35580,24,17.0,0.41168530627282685,0.7809719473771856,4.622864194428118,0.0,0.0,0.0,0.6818740242938816
35640,24,18.0,1.4033756172655055e-16,0.6612419676779661,3.92585396031018,0.0,0.0,0.0,0.7708113689199874
35700,24,19.0,0.0,1.7256272760121978,2.106883098739984,0.0,0.0,0.0,0.8936930232639284
35760,24,20.0,0.0,1.7656795460683687,0.675,0.4072759655329312,0.0,0.3054569741496984,0.8343854328936334
35820,24,21.0,0.0,0.6128186312591567,0.675,0.6128186312591567,0.0,0.4596139734443675,0.8523021662195256
35880,24,22.0,0.0,0.7418463275008723,0.675,0.7418463275008723,0.0,0.5563847456256542,0.40420430802018226
35940,24,23.0,0.0,0.613141050759664,0.675,0.613141050759664,0.0,0.459855788069748,0.981936934446215
36000,25,0.0,0.0,0.5327926715628355,0.675,0.5327926715628355,0.0,0.3995945036721266,0.8088267638404957
36060,25,1.0,0.0,0.6310809229103278,0.675,0.6310809229103278,0.0,0.47331069218274585,0.9215151063777318
36120,25,2.0,0.0,0.7313633243879419,0.675,0.7313633243879419,0.0,0.5485224932909565,0.865473189689041
36180,25,3.0,0.0,0.7143601030808503,0.675,0.7143601030808503,0.0,0.5357700773106377,0.9587923365339761
36240,25,4.0,0.0,0.5908472966406891,0.675,0.5908472966406891,0.0,0.4431354724805169,0.6567214281463504
36300,25,5.0,0.0,0.760716951146108,0.675,0.760716951146108,0.0,0.570537713359581,0.011860423834841339
36360,25,6.0,0.0,0.5758220743121558,0.675,0.5758220743121558,0.0,0.43186655573411686,0.7290174207502043
36420,25,7.0,0.058112029366790524,0.7353704611157499,0.675,0.6772584317489594,0.0,0.5079438238117195,0.9550944720132386
36480,25,8.0,0.21696190988240435,0.6022803623882222,0.675,0.38531845250581787,0.0,0.28898883937936337,0.9132152360470382
36540,25,9.0,0.3073238283500269,0.7741415168734257,0.675,0.4668176885233988,0.0,0.3501132663925491,0.9130756947813942
36600,25,10.0,0.25137595886074743,0.5718685871717518,0.675,0.3204926283110044,0.0,0.2403694712332533,0.9419472089935789
36660,25,11.0,0.7455940279475883,0.5913701175620902,0.8213096479427613,0.0,0.0,0.0,0.8456208525219704
36720,25,12.0,0.940221406815937,0.7432329273288789,1.0081893283404995,0.0,0.0,0.0,0.8119557186368126
36780,25,13.0,0.24260787730823785,0.7597003667744893,0.675,0.20100133858095093,0.0,0.1507510039357132,0.9497667686885859
36840,25,14.0,0.5473848313498058,0.5199239971429056,0.7010516347626204,0.0,0.0,0.0,0.8735868881079487
36900,25,15.0,0.9626461898693432,0.6459491372865493,1.0014968390897423,0.0,0.0,0.0,0.7277225405039979
36960,25,16.0,0.257574413446164,0.7119262198994103,0.675,0.14460970834252174,0.0,0.1084572812568913,0.8969702346215345
37020,25,17.0,0.013123649582079946,0.657367585281663,0.675,0.644243935699583,0.0,0.4831829517746873,0.989858822346801
37080,25,18.0,7.046206307765539e-17,2.219842054099394,0.675,2.219842054099394,0.0,1.6648815405745456,0.884926718255886
37140,25,19.0,0.0,1.3627938334924936,0.675,1.3627938334924936,0.0,1.0220953751193702,0.12295060013281714
37200,25,20.0,0.0,2.1178170312298352,0.675,2.1178170312298352,0.0,1.5883627734223764,0.6791515342171213
37260,25,21.0,0.0,3.4509163969568695,0.675,3.4509163969568695,0.0,2.588187297717652,0.9582099166964618
37320,25,22.0,0.0,0.7626125567884567,0.675,0.7626125567884567,0.0,0.5719594175913425,0.6347840763355956
37380,25,23.0,0.0,0.6825838008500871,0.675,0.6825838008500871,0.0,0.5119378506375654,0.9260959592270137
37440,26,0.0,0.0,0.5178977862152451,0.675,0.5178977862152451,0.0,0.38842333966143383,0.6543218682884236
37500,26,1.0,0.0,0.5347852370636275,0.675,0.5347852370636275,0.0,0.4010889277977206,0.7323099923663526
37560,26,2.0,0.0,0.6751620463131531,0.675,0.6751620463131531,0.0,0.5063715347348648,0.03699223743005873
37620,26,3.0,0.0,0.5406843336415067,0.675,0.5406843336415067,0.0,0.40551325023113005,0.9252529568206599
37680,26,4.0,0.0,0.568421135770605,0.675,0.568421135770605,0.0,0.4263158518279538,0.914452972728137
37740,26,5.0,0.0,0.5645687391439034,0.675,0.5645687391439034,0.0,0.42342655435792753,0.7312539921515373
37800,26,6.0,0.0,0.6587801191647049,0.675,0.6587801191647049,0.0,0.4940850893735287,0.35298362579829357
37860,26,7.0,0.09845657608344778,0.6924858993805479,0.675,0.5940293232971001,0.0,0.4455219924728251,0.9239186003144025
37920,26,8.0,0.32190029510713114,0.7441864316060318,0.675,0.4222861364989007,0.0,0.3167146023741755,0.8712398819571475
37980,26,9.0,0.193999780922334,0.7632697768786313,0.675,0.5692699959562972,0.0,0.4269524969672229,0.9451285757444452
38040,26,10.0,0.47048178406622865,0.6868312594549147,0.675,0.2163494753886861,0.0,0.16226210654151457,0.891346886128219
38100,26,11.0,0.071268385451696,0.7873218836121958,0.675,0.7160534981604998,0.0,0.5370401236203748,0.9852435076251149
38160,26,12.0,0.22732792424242143,0.6853343873542612,0.675,0.4580064631118398,0.0,0.34350484733387987,0.9545344151515157
38220,26,13.0,1.9271355311074818,0.7997041479520461,1.7445753228975511,0.0,0.0,0.0,0.6009764976444979
38280,26,14.0,0.8019943114762109,0.7194975415417388,1.8228386306775006,0.0,0.0,0.0,0.8147873473522644
38340,26,15.0,0.3969799976946201,0.6161338506442214,1.5918301862367172,0.0,0.0,0.0,0.8877171006538856
38400,26,16.0,0.4812021533249148,0.5979952685559113,1.4687194331845668,0.0,0.0,0.0,0.8075191386700342
38460,26,17.0,0.25632612327596793,0.5209026353001475,1.1898313020581224,0.0,0.0,0.0,0.8019263820601499
38520,26,18.0,8.202515069875425e-17,0.7507275683289857,0.675,0.2623157107528458,0.0,0.19673678306463438,0.8660427630956724
38580,26,19.0,0.0,2.7931383701869423,0.675,2.7931383701869423,0.0,2.094853777640207,0.8283980545174817
38640,26,20.0,0.0,1.1671722705263106,0.675,1.1671722705263106,0.0,0.8753792028947329,0.7827345232031089
38700,26,21.0,0.0,1.9841334703763618,0.675,1.9841334703763618,0.0,1.4881001027822713,0.9469173574275681
38760,26,22.0,0.0,0.52658103489415,0.675,0.52658103489415,0.0,0.3949357761706125,0.7004810787103297
38820,26,23.0,0.0,0.711158002954729,0.675,0.711158002954729,0.0,0.5333685022160467,0.9429912928138435
38880,27,0.0,0.0,0.5027208555543495,0.675,0.5027208555543495,0.0,0.3770406416657621,0.6968889256039865
38940,27,1.0,0.0,0.7816188291339048,0.675,0.7816188291339048,0.0,0.5862141218504286,0.37256192624409823
39000,27,2.0,0.0,0.5873178099028852,0.675,0.5873178099028852,0.0,0.44048835742716386,0.9020293749243102
39060,27,3.0,0.0,0.6692077370687806,0.675,0.6692077370687806,0.0,0.5019058028015855,0.82085042808022
39120,27,4.0,0.0,0.6060350378435673,0.675,0.6060350378435673,0.0,0.45452627838267545,0.8051402344006992
39180,27,5.0,0.0,0.5394167283850348,0.675,0.5394167283850348,0.0,0.40456254628877614,0.9782395313256276
39240,27,6.0,0.0,0.6559313122622861,0.675,0.6559313122622861,0.0,0.49194848419671455,0.9955440719432368
39300,27,7.0,0.3432864683829665,0.5157916955736616,0.675,0.17250522719069505,0.0,0.1293789203930213,0.7347285874986615
39360,27,8.0,0.7076660087069552,0.7062066609196976,0.6763844588718182,0.0,0.0,0.0,0.7169335965172179
39420,27,9.0,0.2434219213822992,0.6099554655280703,0.675,0.3652201311372394,0.0,0.27391509835292954,0.931149883480447
39480,27,10.0,0.7569397125616022,0.6872714908293655,0.7410930783622529,0.0,0.0,0.0,0.8251922612768964
39540,27,11.0,3.5769058883915528,0.6801291844608475,3.489216755563131,0.0,0.0,0.0,0.25938290683593157
39600,27,12.0,1.0206586780277265,0.7452170401927749,3.7505236369648283,0.0,0.0,0.0,0.7958682643944547
39660,27,13.0,0.3689713355360836,0.6329259931858772,3.4722909979037166,0.0,0.0,0.0,0.9236025530130793
39720,27,14.0,0.06387197118287127,0.5760050014450284,2.932455384359598,0.0,0.0,0.0,0.9852494000975589
39780,27,15.0,0.471278052766419,0.5571415861796166,2.8419472731810393,0.0,0.0,0.0,0.8667024372257894
39840,27,16.0,0.8979212154185465,0.5521840561712367,3.169942341674393,0.0,0.0,0.0,0.6408315138325816
39900,27,17.0,0.3640579825301263,0.5098870964434864,3.0162249586309366,0.0,0.0,0.0,0.7186775939259655
39960,27,18.0,2.1360073812257593e-16,1.9764698372240708,0.932842821214166,0.0,0.0,0.0,0.651163521970101
40020,27,19.0,0.0,1.8802593038998194,0.675,1.6356481258917155,0.0,1.2267360944187866,0.9659293985409727
40080,27,20.0,0.0,1.2879733492859167,0.675,1.2879733492859167,0.0,0.9659800119644375,0.8901563715935049
40140,27,21.0,0.0,2.894257970549531,0.675,2.894257970549531,0.0,2.170693477912148,0.040883853789926254
40200,27,22.0,0.0,0.6251653380591056,0.675,0.6251653380591056,0.0,0.4688740035443292,0.08518309092315315
40260,27,23.0,0.0,0.5824930908447192,0.675,0.5824930908447192,0.0,0.4368698181335394,0.913549766016532
40320,28,0.0,0.0,0.5351641752892384,0.675,0.5351641752892384,0.0,0.4013731314669288,0.9006012557944744
40380,28,1.0,0.0,0.6727383539074472,0.675,0.6727383539074472,0.0,0.5045537654305854,0.8936325742462962
40440,28,2.0,0.0,0.5764488500338446,0.675,0.5764488500338446,0.0,0.4323366375253834,0.9736955894454264
40500,28,3.0,0.0,0.7620708908605922,0.675,0.7620708908605922,0.0,0.5715531681454442,0.9232356509409038
40560,28,4.0,0.0,0.7500972496077956,0.675,0.7500972496077956,0.0,0.5625729372058467,0.9421196725396224
40620,28,5.0,0.0,0.7084276838622661,0.675,0.7084276838622661,0.0,0.5313207628966996,0.7270075299400827
40680,28,6.0,0.0,0.715110127031744,0.675,0.715110127031744,0.0,0.536332595273808,0.9123382815282112
40740,28,7.0,0.1321775423359308,0.5734292372134903,0.675,0.44125169487755944,0.0,0.3309387711581696,0.8978610385618462
40800,28,8.0,0.0,0.745646861976791,0.675,0.745646861976791,0.0,0.5592351464825932,0.7090860988082452
40860,28,9.0,0.0,0.7635538496665415,0.675,0.7635538496665415,0.0,0.5726653872499061,0.9492172582039189
40920,28,10.0,0.0,0.7946513264081754,0.675,0.7946513264081754,0.0,0.5959884948061316,0.999558813000213
40980,28,11.0,0.0,0.6326898741809297,0.675,0.6326898741809297,0.0,0.4745174056356973,0.8932490562245261
41040,28,12.0,0.0,0.5857123324794119,0.675,0.5857123324794119,0.0,0.4392842493595589,0.4563290691672811
41100,28,13.0,0.0,0.5423174949887164,0.675,0.5423174949887164,0.0,0.4067381212415373,0.8251975484264515
41160,28,14.0,0.0,0.5259295895038235,0.675,0.5259295895038235,0.0,0.3944471921278676,0.6424452895009808
41220,28,15.0,0.0,0.7871921784777252,0.675,0.7871921784777252,0.0,0.5903941338582939,0.22057684268483135
41280,28,16.0,0.0,0.7080986722546181,0.675,0.7080986722546181,0.0,0.5310740041909636,0.918712532386412
41340,28,17.0,0.0,0.6738649673686031,0.675,0.6738649673686031,0.0,0.5053987255264524,0.2962536317365072
41400,28,18.0,0.0,1.1865295432089402,0.675,1.1865295432089402,0.0,0.8898971574067052,0.7269790978780465
41460,28,19.0,0.0,2.537380706701043,0.675,2.537380706701043,0.0,1.9030355300257824,0.8981748949490831
41520,28,20.0,0.0,3.104215989826956,0.675,3.104215989826956,0.0,2.328161992370217,0.9824594021852316
41580,28,21.0,0.0,1.0547641100680292,0.675,1.0547641100680292,0.0,0.7910730825510219,0.8587073130383744
41640,28,22.0,0.0,0.5121175377317227,0.675,0.5121175377317227,0.0,0.3840881532987921,0.8809738502772154
41700,28,23.0,0.0,0.7127973663954328,0.675,0.7127973663954328,0.0,0.5345980247965746,0.9265111308874012
41760,29,0.0,0.0,0.7784280838004305,0.675,0.7784280838004305,0.0,0.5838210628503229,0.9393887583388387
41820,29,1.0,0.0,0.7005252642038893,0.675,0.7005252642038893,0.0,0.525393948152917,0.8322295276825543
41880,29,2.0,0.0,0.635593888565609,0.675,0.635593888565609,0.0,0.47669541642420676,0.6397338888619253
41940,29,3.0,0.0,0.7465411694070502,0.675,0.7465411694070502,0.0,0.5599058770552876,0.9669148672749022
42000,29,4.0,0.0,0.7256062716994948,0.675,0.7256062716994948,0.0,0.544204703774621,0.6758904239348301
42060,29,5.0,0.0,0.6958299917968306,0.675,0.6958299917968306,0.0,0.5218724938476229,0.9650293599318631
42120,29,6.0,0.0,0.598234603112969,0.675,0.598234603112969,0.0,0.4486759523347268,0.6097827737866469
42180,29,7.0,0.0,0.524952349312556,0.675,0.524952349312556,0.0,0.39371426198441695,0.4417725818815913
42240,29,8.0,0.0,0.5386188881256859,0.675,0.5386188881256859,0.0,0.40396416609426444,0.6230403214220324
42300,29,9.0,0.0,0.7410407812593053,0.675,0.7410407812593053,0.0,0.555780585944479,0.769399048868237
42360,29,10.0,0.0,0.5249184312316835,0.675,0.5249184312316835,0.0,0.3936888234237626,0.9356662067013605
42420,29,11.0,0.0,0.5123212711169228,0.675,0.5123212711169228,0.0,0.38424095333769215,0.4041073319856602
42480,29,12.0,0.0,0.5737686347152507,0.675,0.5737686347152507,0.0,0.43032647603643803,0.8523654296643521
42540,29,13.0,0.0,0.5344378800441949,0.675,0.5344378800441949,0.0,0.4008284100331462,0.8027522519643269
42600,29,14.0,0.0,0.7105654698810204,0.675,0.7105654698810204,0.0,0.5329241024107654,0.8741420574890716
42660,29,15.0,0.0,0.7099939998291622,0.675,0.7099939998291622,0.0,0.5324954998718716,0.9292522149509159
42720,29,16.0,0.0,0.6727601791768711,0.675,0.6727601791768711,0.0,0.5045701343826534,0.6096298177158325
42780,29,17.0,0.0,0.7683303190087476,0.675,0.7683303190087476,0.0,0.5762477392565607,0.7719632129270447
42840,29,18.0,0.0,2.146302501878402,0.675,2.146302501878402,0.0,1.6097268764088013,0.8916495943025724
42900,29,19.0,0.0,3.0843597043156477,0.675,3.0843597043156477,0.0,2.3132697782367355,0.6907851764666889
42960,29,20.0,0.0,1.1834457378141834,0.675,1.1834457378141834,0.0,0.8875843033606375,0.31283718635345276
43020,29,21.0,0.0,0.7304497267515374,0.675,0.7304497267515374,0.0,0.5478372950636531,0.9472482768213086
43080,29,22.0,0.0,0.6013136182667762,0.675,0.6013136182667762,0.0,0.45098521370008215,0.9544064513799584
43140,29,23.0,0.0,0.7548026351475063,0.675,0.7548026351475063,0.0,0.5661019763606298,0.9156760606472524
